{
    "$schema": "https://schema.management.azure.com/schemas/2015-01-01/deploymentParameters.json#",
    "contentVersion": "1.0.0.0",
    "parameters": {
        "resourceName": {
            "value": "aks-clustre1"
        },
        "location": {
            "value": "northeurope"
        },
        "dnsPrefix": {
            "value": "aks-clustre1-dns"
        },
        "agentCount": {
            "value": 3
        },
        "agentVMSize": {
            "value": "Standard_DS2_v2"
        },
        "servicePrincipalClientId": {
            "value": null
        },
        "servicePrincipalClientSecret": {
            "value": null
        },
        "kubernetesVersion": {
            "value": "1.13.10"
        },
        "networkPlugin": {
            "value": "azure"
        },
        "enableRBAC": {
            "value": true
        },
        "enableHttpApplicationRouting": {
            "value": false
        },
        "vnetSubnetID": {
            "value": "/subscriptions/d3d4b9fa-c622-4397-b246-c59cf01fa30c/resourceGroups/aks1/providers/Microsoft.Network/virtualNetworks/aks1-vnet/subnets/default"
        },
        "serviceCidr": {
            "value": "10.0.0.0/16"
        },
        "dnsServiceIP": {
            "value": "10.0.0.10"
        },
        "dockerBridgeCidr": {
            "value": "172.17.0.1/16"
        },
        "principalId": {
            "value": "40d8b702-4748-48ca-888c-6948e46e0b66"
        },
        "workspaceName": {
            "value": "DefaultWorkspace-d3d4b9fa-c622-4397-b246-c59cf01fa30c-NEU"
        },
        "omsWorkspaceId": {
            "value": "/subscriptions/d3d4b9fa-c622-4397-b246-c59cf01fa30c/resourceGroups/DefaultResourceGroup-NEU/providers/Microsoft.OperationalInsights/workspaces/DefaultWorkspace-d3d4b9fa-c622-4397-b246-c59cf01fa30c-NEU"
        },
        "workspaceRegion": {
            "value": "northeurope"
        }
    }
}