{
    "$schema": "https://schema.management.azure.com/schemas/2015-01-01/deploymentTemplate.json#",
    "contentVersion": "1.0.0.0",
    "parameters": {
        "resourceName": {
            "type": "string",
            "metadata": {
                "description": "The name of the Managed Cluster resource."
            }
        },
        "location": {
            "type": "string",
            "metadata": {
                "description": "The location of AKS resource."
            }
        },
        "dnsPrefix": {
            "type": "string",
            "metadata": {
                "description": "Optional DNS prefix to use with hosted Kubernetes API server FQDN."
            }
        },
        "osDiskSizeGB": {
            "type": "int",
            "defaultValue": 0,
            "metadata": {
                "description": "Disk size (in GiB) to provision for each of the agent pool nodes. This value ranges from 0 to 1023. Specifying 0 will apply the default disk size for that agentVMSize."
            },
            "minValue": 0,
            "maxValue": 1023
        },
        "agentCount": {
            "type": "int",
            "defaultValue": 3,
            "metadata": {
                "description": "The number of agent nodes for the cluster."
            },
            "minValue": 1,
            "maxValue": 50
        },
        "agentVMSize": {
            "type": "string",
            "defaultValue": "Standard_D2_v2",
            "metadata": {
                "description": "The size of the Virtual Machine."
            }
        },
        "servicePrincipalClientId": {
            "metadata": {
                "description": "Client ID (used by cloudprovider)."
            },
            "type": "securestring"
        },
        "servicePrincipalClientSecret": {
            "metadata": {
                "description": "The Service Principal Client Secret."
            },
            "type": "securestring"
        },
        "osType": {
            "type": "string",
            "defaultValue": "Linux",
            "allowedValues": [
                "Linux"
            ],
            "metadata": {
                "description": "The type of operating system."
            }
        },
        "kubernetesVersion": {
            "type": "string",
            "defaultValue": "1.7.7",
            "metadata": {
                "description": "The version of Kubernetes."
            }
        },
        "networkPlugin": {
            "type": "string",
            "allowedValues": [
                "azure",
                "kubenet"
            ],
            "metadata": {
                "description": "Network plugin used for building Kubernetes network."
            }
        },
        "maxPods": {
            "type": "int",
            "defaultValue": 30,
            "metadata": {
                "description": "Maximum number of pods that can run on a node."
            }
        },
        "enableRBAC": {
            "type": "bool",
            "defaultValue": true,
            "metadata": {
                "description": "Boolean flag to turn on and off of RBAC."
            }
        },
        "vmssNodePool": {
            "type": "bool",
            "defaultValue": false,
            "metadata": {
                "description": "Boolean flag to turn on and off of VM scale sets"
            }
        },
        "windowsProfile": {
            "type": "bool",
            "defaultValue": false,
            "metadata": {
                "description": "Boolean flag to turn on and off of VM scale sets"
            }
        },
        "enableHttpApplicationRouting": {
            "type": "bool",
            "defaultValue": true,
            "metadata": {
                "description": "Boolean flag to turn on and off of http application routing."
            }
        },
        "enableOmsAgent": {
            "type": "bool",
            "defaultValue": true,
            "metadata": {
                "description": "Boolean flag to turn on and off of omsagent addon."
            }
        },
        "workspaceRegion": {
            "type": "string",
            "defaultValue": "East US",
            "metadata": {
                "description": "Specify the region for your OMS workspace."
            }
        },
        "workspaceName": {
            "type": "string",
            "metadata": {
                "description": "Specify the name of the OMS workspace."
            }
        },
        "omsWorkspaceId": {
            "type": "string",
            "metadata": {
                "description": "Specify the resource id of the OMS workspace."
            }
        },
        "omsSku": {
            "type": "string",
            "defaultValue": "standalone",
            "allowedValues": [
                "free",
                "standalone",
                "pernode"
            ],
            "metadata": {
                "description": "Select the SKU for your workspace."
            }
        },
        "principalId": {
            "type": "string",
            "metadata": {
                "description": "The objectId of service principal."
            }
        },
        "vnetSubnetID": {
            "type": "string",
            "metadata": {
                "description": "Resource ID of virtual network subnet used for nodes and/or pods IP assignment."
            }
        },
        "serviceCidr": {
            "type": "string",
            "metadata": {
                "description": "A CIDR notation IP range from which to assign service cluster IPs."
            }
        },
        "dnsServiceIP": {
            "type": "string",
            "metadata": {
                "description": "Containers DNS server IP address."
            }
        },
        "dockerBridgeCidr": {
            "type": "string",
            "metadata": {
                "description": "A CIDR notation IP for Docker bridge."
            }
        }
    },
    "resources": [
        {
            "apiVersion": "2019-06-01",
            "dependsOn": [
                "[concat('Microsoft.Resources/deployments/', 'WorkspaceDeployment-20190829063810')]",
                "Microsoft.Network/virtualNetworks/aks1-vnet",
                "[concat('Microsoft.Resources/deployments/', 'ClusterSubnetRoleAssignmentDeployment-20190829063810')]"
            ],
            "type": "Microsoft.ContainerService/managedClusters",
            "location": "[parameters('location')]",
            "name": "[parameters('resourceName')]",
            "properties": {
                "kubernetesVersion": "[parameters('kubernetesVersion')]",
                "enableRBAC": "[parameters('enableRBAC')]",
                "dnsPrefix": "[parameters('dnsPrefix')]",
                "agentPoolProfiles": [
                    {
                        "name": "agentpool",
                        "osDiskSizeGB": "[parameters('osDiskSizeGB')]",
                        "count": "[parameters('agentCount')]",
                        "vmSize": "[parameters('agentVMSize')]",
                        "osType": "[parameters('osType')]",
                        "storageProfile": "ManagedDisks",
                        "vnetSubnetID": "[parameters('vnetSubnetID')]"
                    }
                ],
                "servicePrincipalProfile": {
                    "ClientId": "[parameters('servicePrincipalClientId')]",
                    "Secret": "[parameters('servicePrincipalClientSecret')]"
                },
                "networkProfile": {
                    "networkPlugin": "[parameters('networkPlugin')]",
                    "serviceCidr": "[parameters('serviceCidr')]",
                    "dnsServiceIP": "[parameters('dnsServiceIP')]",
                    "dockerBridgeCidr": "[parameters('dockerBridgeCidr')]"
                },
                "addonProfiles": {
                    "httpApplicationRouting": {
                        "enabled": "[parameters('enableHttpApplicationRouting')]"
                    },
                    "omsagent": {
                        "enabled": "[parameters('enableOmsAgent')]",
                        "config": {
                            "logAnalyticsWorkspaceResourceID": "[parameters('omsWorkspaceId')]"
                        }
                    }
                }
            },
            "tags": {}
        },
        {
            "type": "Microsoft.Resources/deployments",
            "name": "SolutionDeployment-20190829063810",
            "apiVersion": "2017-05-10",
            "resourceGroup": "[split(parameters('omsWorkspaceId'),'/')[4]]",
            "subscriptionId": "[split(parameters('omsWorkspaceId'),'/')[2]]",
            "properties": {
                "mode": "Incremental",
                "template": {
                    "$schema": "https://schema.management.azure.com/schemas/2015-01-01/deploymentTemplate.json#",
                    "contentVersion": "1.0.0.0",
                    "parameters": {},
                    "variables": {},
                    "resources": [
                        {
                            "apiVersion": "2015-11-01-preview",
                            "type": "Microsoft.OperationsManagement/solutions",
                            "location": "[parameters('workspaceRegion')]",
                            "name": "[concat('ContainerInsights', '(', split(parameters('omsWorkspaceId'),'/')[8], ')')]",
                            "properties": {
                                "workspaceResourceId": "[parameters('omsWorkspaceId')]"
                            },
                            "plan": {
                                "name": "[concat('ContainerInsights', '(', split(parameters('omsWorkspaceId'),'/')[8], ')')]",
                                "product": "[concat('OMSGallery/', 'ContainerInsights')]",
                                "promotionCode": "",
                                "publisher": "Microsoft"
                            }
                        }
                    ]
                }
            },
            "dependsOn": [
                "[concat('Microsoft.Resources/deployments/', 'WorkspaceDeployment-20190829063810')]"
            ]
        },
        {
            "type": "Microsoft.Resources/deployments",
            "name": "WorkspaceDeployment-20190829063810",
            "apiVersion": "2017-05-10",
            "resourceGroup": "[split(parameters('omsWorkspaceId'),'/')[4]]",
            "subscriptionId": "[split(parameters('omsWorkspaceId'),'/')[2]]",
            "properties": {
                "mode": "Incremental",
                "template": {
                    "$schema": "https://schema.management.azure.com/schemas/2015-01-01/deploymentTemplate.json#",
                    "contentVersion": "1.0.0.0",
                    "parameters": {},
                    "variables": {},
                    "resources": [
                        {
                            "apiVersion": "2015-11-01-preview",
                            "type": "Microsoft.OperationalInsights/workspaces",
                            "location": "[parameters('workspaceRegion')]",
                            "name": "[parameters('workspaceName')]",
                            "properties": {
                                "sku": {
                                    "name": "[parameters('omsSku')]"
                                }
                            }
                        }
                    ]
                }
            }
        },
        {
            "type": "Microsoft.Resources/deployments",
            "name": "ClusterMonitoringMetricPulisherRoleAssignmentDepl-20190829063810",
            "apiVersion": "2017-05-10",
            "resourceGroup": "aks1",
            "subscriptionId": "d3d4b9fa-c622-4397-b246-c59cf01fa30c",
            "properties": {
                "mode": "Incremental",
                "template": {
                    "$schema": "https://schema.management.azure.com/schemas/2015-01-01/deploymentTemplate.json#",
                    "contentVersion": "1.0.0.0",
                    "parameters": {},
                    "variables": {},
                    "resources": [
                        {
                            "type": "Microsoft.ContainerService/managedClusters/providers/roleAssignments",
                            "apiVersion": "2018-01-01-preview",
                            "name": "aks-clustre1/Microsoft.Authorization/6b7f780e-911a-4f9e-803e-ee5eb9aa02de",
                            "properties": {
                                "roleDefinitionId": "[concat('/subscriptions/', subscription().subscriptionId, '/providers/Microsoft.Authorization/roleDefinitions/', '3913510d-42f4-4e42-8a64-420c390055eb')]",
                                "principalId": "[parameters('principalId')]",
                                "scope": "/subscriptions/d3d4b9fa-c622-4397-b246-c59cf01fa30c/resourceGroups/aks1/providers/Microsoft.ContainerService/managedClusters/aks-clustre1"
                            }
                        }
                    ]
                }
            },
            "dependsOn": [
                "/subscriptions/d3d4b9fa-c622-4397-b246-c59cf01fa30c/resourceGroups/aks1/providers/Microsoft.ContainerService/managedClusters/aks-clustre1"
            ]
        },
        {
            "apiVersion": "2019-04-01",
            "name": "aks1-vnet",
            "type": "Microsoft.Network/virtualNetworks",
            "location": "northeurope",
            "properties": {
                "subnets": [
                    {
                        "name": "default",
                        "id": "/subscriptions/d3d4b9fa-c622-4397-b246-c59cf01fa30c/resourceGroups/aks1/providers/Microsoft.Network/virtualNetworks/aks1-vnet/subnets/default",
                        "properties": {
                            "addressPrefix": "10.240.0.0/16"
                        }
                    }
                ],
                "addressSpace": {
                    "addressPrefixes": [
                        "10.0.0.0/8"
                    ]
                }
            },
            "tags": {}
        },
        {
            "type": "Microsoft.Resources/deployments",
            "name": "ClusterSubnetRoleAssignmentDeployment-20190829063810",
            "apiVersion": "2017-05-10",
            "resourceGroup": "aks1",
            "subscriptionId": "d3d4b9fa-c622-4397-b246-c59cf01fa30c",
            "properties": {
                "mode": "Incremental",
                "template": {
                    "$schema": "https://schema.management.azure.com/schemas/2015-01-01/deploymentTemplate.json#",
                    "contentVersion": "1.0.0.0",
                    "parameters": {},
                    "variables": {},
                    "resources": [
                        {
                            "type": "Microsoft.Network/virtualNetworks/subnets/providers/roleAssignments",
                            "apiVersion": "2017-05-01",
                            "name": "aks1-vnet/default/Microsoft.Authorization/64e5d240-a4cd-495a-bd88-c85cb1adcbb2",
                            "properties": {
                                "roleDefinitionId": "[concat('/subscriptions/', subscription().subscriptionId, '/providers/Microsoft.Authorization/roleDefinitions/', '4d97b98b-1d4f-4787-a291-c67834d212e7')]",
                                "principalId": "[parameters('principalId')]",
                                "scope": "/subscriptions/d3d4b9fa-c622-4397-b246-c59cf01fa30c/resourceGroups/aks1/providers/Microsoft.Network/virtualNetworks/aks1-vnet/subnets/default"
                            }
                        }
                    ]
                }
            },
            "dependsOn": [
                "Microsoft.Network/virtualNetworks/aks1-vnet"
            ]
        }
    ],
    "outputs": {
        "controlPlaneFQDN": {
            "type": "string",
            "value": "[reference(concat('Microsoft.ContainerService/managedClusters/', parameters('resourceName'))).fqdn]"
        }
    }
}